"","X1","X2","X3","X4","X5","X6","X7","X8","X9","X10","X11","X12","X13","X14","X15","X16","X17","X18","X19","X20","X21","X22","X23","X24","X25","X26","X27","X28","X29","X30","X31","X32","X33","X34","X35","X36","X37","X38","X39","X40","X41","X42","X43","X44","X45"
"1",4.26017010828809e-05,5.97383173918123e-05,6.36999355906168e-05,3.08100454569496e-05,2.79780429415203e-05,5.16347927731161e-05,1.97541224471309e-05,1.33211768382849e-05,2.11529505609225e-05,2.61861716520124e-05,2.48813906879477e-05,1.8962053738306e-05,7.64046087840436e-05,2.99969308194862e-05,1.65497265554134e-05,1.24035241548502e-05,4.36446087054457e-05,1.36247371841363e-05,0.994386577501628,1.65272635963951e-05,2.18940146394843e-05,3.98927295441492e-05,1.83594480303629e-05,2.63660285116125e-05,1.82079567804609e-05,4.11708141842497e-05,1.91023136183213e-05,2.14817607365828e-05,2.22169409130428e-05,8.45473298330371e-06,7.97394515389917e-05,2.43813851066088e-05,3.1955945015879e-05,2.63381513759449e-05,0.00175769022896216,0.000110766839476598,2.85486269037224e-05,6.98234770554731e-05,2.5526306513865e-05,6.91660959216448e-05,0.000155099210734743,0.000104749059021886,0.000104886663537169,0.00211799498618908,5.97372301151022e-05
"2",0.000146362115611008,0.000220187388379776,0.99396100628804,0.000146558466777525,0.000133514923545364,0.000147811523892211,7.34045520646345e-05,0.000721490471113041,0.000104745919536553,4.40545902045596e-05,0.000105172857594176,9.79587608901984e-05,8.80180925670546e-05,6.93556340923618e-05,5.83941817063028e-05,2.96198551927355e-05,0.000150409162988165,0.000126541109950908,0.000114592635260661,3.77377006611271e-05,6.43503083662711e-05,9.76758982859702e-05,8.58700778471005e-05,0.000113022221450989,0.000107285338694934,0.000128500703301711,0.000112794219336941,0.000110280480216445,0.000151632897515741,2.92920293422053e-05,0.000113811197868014,0.000144521659819396,4.91347017561999e-05,0.000276751752779953,3.30616471875625e-05,0.000472620294461415,9.2552803948779e-05,4.63018585172566e-05,5.42246564038633e-05,0.000100740626074863,9.71205193359519e-05,0.000370116186518641,0.000172551008376654,0.000264115653391091,0.000134735029133135
"3",3.97465439203353e-05,5.79894214567008e-05,0.000128338226067211,3.7834099101937e-05,5.47295094509334e-05,1.82227875559045e-05,3.37583699493618e-05,1.51674205365296e-05,4.63924982761564e-05,3.20726215981786e-05,5.17524331682423e-05,0.000230649314107406,1.20919791615911e-05,4.61487949931816e-05,2.10240975998789e-05,1.00836784079611e-05,2.33778112499031e-05,3.52588082957177e-05,1.96342693208489e-05,5.87463708616971e-05,1.84568242363179e-05,7.00001308728634e-05,9.9959821016168e-06,1.38311755362894e-05,3.08129024392146e-05,2.27945110398793e-05,3.08629947917238e-05,3.06251679983279e-05,0.00509500310586817,3.75445457353488e-05,3.61627527806654e-05,1.082067973542e-05,1.07741578056242e-05,0.993312701730134,1.16477773856885e-05,1.41540482594981e-05,1.53409477632631e-05,2.22080920145253e-05,1.66842476736547e-05,3.04818931472598e-05,4.25027604600264e-05,3.21370953867479e-05,3.61365987125305e-05,3.73301318793513e-05,3.79706911613992e-05
"4",5.85686642257633e-05,5.06031152162349e-05,9.87833208428102e-05,4.1261018863205e-05,5.86066986315571e-05,4.42375350946808e-05,2.93731575837165e-05,8.21340764330767e-05,7.08461662500698e-05,3.34200058785968e-05,4.79868989575182e-05,4.3464700576234e-05,0.980738752052442,4.11038592464231e-05,3.23118660510145e-05,3.40405449106628e-05,5.94054456196536e-05,3.67766967347373e-05,0.000138210576500059,0.000194906214374191,1.13462140385009e-05,4.32156174520474e-05,3.92174984709976e-05,0.000272647756881719,1.97443079226008e-05,0.000262247471766365,3.50839191597049e-05,5.9665843213382e-05,3.19059566144188e-05,0.000176157683215125,2.3090527537452e-05,3.20251308203058e-05,9.02072387425035e-06,4.05673016330356e-05,0.00305645955629591,0.000113503976579791,3.48949314524092e-06,8.71571083289974e-05,9.68925636797645e-06,0.000115587259265244,0.0119552231531594,0.000235914617118053,0.000208013653684598,9.10698443664354e-05,0.00113316351465591
"5",2.11204956929217e-05,5.29833984768545e-05,3.99890812585732e-05,9.27046528427827e-05,4.11118857241202e-05,3.51718087913861e-05,4.53373128006508e-05,9.95610873087026e-06,3.5513185024935e-05,2.46020479076796e-05,3.61318299181223e-05,8.03486896880553e-06,9.0907546018939e-06,3.5807044204992e-05,4.0953462439054e-05,1.27458069532875e-05,1.85174469125735e-05,2.34483921551446e-05,1.257017018958e-05,1.72155954144646e-05,9.45442215556383e-06,0.00167754893505962,8.19920999731533e-06,1.22643692904403e-05,2.00929109643853e-05,2.27221443753511e-05,0.997004589394484,2.10120119034012e-05,6.44754019610636e-05,3.08566894975271e-05,2.23701414030309e-05,0.000183166067954809,9.72409132976938e-06,2.51813492189566e-05,1.02652907123197e-05,6.0360518993572e-06,3.58809694009832e-06,4.22616937043554e-05,2.02619706768157e-05,5.77647752966335e-05,2.81990652439515e-05,2.28452680156666e-05,3.31256656914604e-05,1.91803955748722e-05,3.18092376404631e-05
"6",1.56999871164272e-05,3.65263597204693e-05,3.64352814995693e-05,1.74681880637966e-05,2.20308664516867e-05,3.50219641025101e-05,1.23688464003878e-05,1.05484843029698e-05,1.60978989072436e-05,1.64949407992579e-05,2.53052112465416e-05,9.51819430186935e-06,5.18873730096725e-06,2.24663528703872e-05,9.18716904179021e-06,7.43207790120401e-06,1.60441666596148e-05,9.20820434214497e-06,5.31710130680412e-05,1.74249651188298e-05,1.81401630076659e-05,3.86963099443031e-05,4.6208833824062e-06,1.01133749012286e-05,4.42234184170292e-05,1.07897465802255e-05,1.16940440283548e-05,1.19159850890043e-05,2.08460640845507e-05,9.52995435431998e-06,0.99762986344041,7.0173012746691e-06,2.64508679415252e-05,2.17995303990807e-05,1.68844765112469e-05,1.10904707607596e-05,3.20189150469532e-05,2.13159695559144e-05,0.000259205617501418,4.20942418078325e-05,1.83479672519599e-05,2.35795147610645e-05,2.42335478933962e-05,0.00126946188612134,2.24273997576069e-05
"7",3.8684568962667e-05,3.49816379683708e-05,2.50318715316585e-05,3.06668157465332e-05,2.12362554827285e-05,6.58205009653037e-06,2.25471918196961e-05,5.78778581805567e-06,1.558111048471e-05,3.03538301637306e-05,2.71203487122651e-05,3.46398021286186e-06,2.7528139867816e-06,2.61166355076777e-05,9.0048350947793e-05,4.77976755760229e-06,8.68134933077808e-05,1.37190249605893e-05,1.09226289178725e-05,2.39697328896693e-05,2.66496087437978e-05,0.00123501260169416,1.94726245468031e-06,4.36218186792815e-06,0.0017539730326841,6.74459101443082e-06,3.53104435205151e-05,1.08656862694875e-05,4.89366909410312e-05,1.44791294275315e-05,0.00190423931134413,3.06251262676315e-05,7.54014442294435e-06,1.79165458287504e-05,2.75908692849564e-05,1.91836260868834e-06,7.03291044440494e-05,4.94913776004737e-05,0.992643383745983,0.00126589739372948,2.59809549048625e-05,1.76019060084326e-05,2.21187697737264e-05,0.000228505713824764,2.74195502819437e-05
"8",3.4936325600145e-05,7.09498182999536e-05,6.18176140087763e-05,4.00993854730598e-05,3.57655080565721e-05,2.44439793406347e-05,4.53050298466806e-05,6.93502063194049e-06,3.45710086217018e-05,2.33663270007853e-05,3.24740231744725e-05,2.54724533624516e-05,2.34350379629408e-05,6.0007608743044e-05,9.87027474220217e-05,1.27170593760048e-05,0.996933486879919,3.26651594664278e-05,2.96237146161351e-05,3.11319304752006e-05,2.60910243740679e-05,5.02677685980029e-05,2.41731333007183e-05,3.96627047624667e-05,3.18295536372842e-05,3.57328748305076e-05,2.95246428740974e-05,3.86164746880782e-05,2.61999133067266e-05,1.55572353695575e-05,3.11372302324299e-05,9.40889933236792e-05,5.28704975942709e-06,2.60623462334398e-05,4.11810683708605e-05,0.000127681117655815,1.98883250271915e-05,3.0727917858678e-05,0.000114841874647741,0.00111860057385566,5.91070516725513e-05,8.30392642386995e-05,9.26373775544481e-05,0.0001296435328682,5.05143195607633e-05
"9",3.94299227386545e-05,5.49778184023079e-05,4.99881123127546e-05,3.691456366134e-05,4.10115371562667e-05,1.7779270770081e-05,2.89379618948923e-05,1.34786669127948e-05,3.75761641667443e-05,2.86371059599621e-05,4.38927576139914e-05,6.05767082238295e-06,8.79865127181733e-06,3.98749770712628e-05,2.07810074242199e-05,2.64745918100532e-05,1.97589163139484e-05,2.90040766595138e-05,1.41932557840068e-05,3.51592320574102e-05,1.21758682694287e-05,0.00356459811781173,6.17151150275225e-06,9.41085733762592e-06,3.45356886467068e-05,2.13262889323381e-05,6.89901633622528e-05,4.59830700627566e-05,0.993244591334003,0.00159604735072371,4.05493826933897e-05,7.98098875421557e-06,1.28419856714924e-05,0.000415213962218522,1.31556834759258e-05,2.27728086663429e-06,7.04538258866854e-06,5.60683722944215e-05,3.5845608051343e-05,4.31258281157737e-05,4.3022979305694e-05,2.30961474316126e-05,3.19699502693669e-05,1.93524478363177e-05,5.18974889687943e-05
"10",0.000238998968412522,8.41647101045616e-05,6.61199566986694e-05,3.91734896675843e-05,0.000110091704955314,1.49743549205005e-05,0.000137637671958519,8.09140616622583e-06,0.000108488179717344,3.21354726902772e-05,4.4439623428152e-05,2.04315613930737e-05,1.78318967022494e-05,7.85027653381885e-05,1.58093865985697e-05,0.000174720540422292,4.33055746092144e-05,0.99613614889377,1.25217774058011e-05,2.99213086518719e-05,8.30970238279012e-05,4.76413662235602e-05,0.000172103410451844,1.56167473251335e-05,2.44496112033735e-05,2.4035517393878e-05,3.21187733043408e-05,3.93184020585793e-05,3.53731489553049e-05,2.73634720058518e-05,1.74324589606783e-05,1.03548537804831e-05,4.94983040369199e-06,4.19713589940595e-05,3.98903379020627e-05,1.38650249310185e-05,0.000106522205495733,3.74548506453481e-05,1.27484469467884e-05,4.76710821553568e-05,6.40298283961681e-05,0.000117202097194864,0.00147358931383968,4.67551733096893e-05,5.09364206838451e-05
"11",2.37272184925862e-05,0.00165620015080745,3.30301825663277e-05,1.37520277637953e-05,2.88289926055092e-05,5.50133194571016e-06,1.68538956355426e-05,1.08659187370476e-05,2.45260626094893e-05,0.00158043166435773,3.2109661317303e-05,7.04553190838815e-06,4.02006089016745e-06,2.65433573691657e-05,1.04873260757712e-05,1.14713021185856e-05,1.39892995747995e-05,1.588633547915e-05,9.26182197067902e-06,1.49445684665444e-05,8.27384523599366e-06,4.17743844245189e-05,4.63353085296991e-06,5.87821035440037e-06,0.995903720762145,7.16700191178231e-06,1.3652098260766e-05,1.61590009176557e-05,2.11638398942335e-05,2.19077762923594e-05,5.2166791833779e-05,4.92971143094871e-06,2.37004605387593e-05,2.22417155361103e-05,6.48505767133975e-06,1.98411628989607e-06,5.31689771943842e-06,3.83453984766873e-05,0.000135676492517546,3.67358567881532e-05,1.40071064360884e-05,1.43982368180585e-05,2.04314943859891e-05,1.8057472654115e-05,2.17160299216439e-05
"12",3.58568959608972e-05,5.8784853981535e-05,3.24452728152167e-05,5.76606250521386e-05,7.05439200920868e-05,1.92671610173617e-05,0.996784489180618,9.99460023953046e-06,6.18388679272361e-05,3.36396614422579e-05,4.04849375944079e-05,1.19217035461168e-05,9.97375273657185e-06,6.33089385910028e-05,3.86165778853261e-05,0.000129735379518496,3.4258487636236e-05,0.000114678054153258,1.4361413680154e-05,2.87666539832172e-05,8.29935829673235e-05,3.64153881267843e-05,0.000118322024580625,1.42733964855164e-05,2.11354083816916e-05,2.37425270420454e-05,4.56676486311806e-05,2.96428057089123e-05,2.81691203395434e-05,2.42889308429414e-05,1.94442159043667e-05,0.000196484193633883,6.54057436961377e-06,3.17430618798206e-05,3.62623129650946e-05,1.15702515523646e-05,7.65302752346438e-06,3.57606673938265e-05,1.21040053716648e-05,8.67918089040658e-05,4.98241371184892e-05,0.000102585374625141,0.00124072677223758,3.90944262299648e-05,4.8137398713067e-05
"13",0.000206436083732947,0.993297808818425,0.000194501431750045,0.000129092910982938,0.000206266266214737,9.95263643093185e-05,0.000118120711255246,4.35948442202287e-05,0.00018507414476006,0.000229448312431998,0.00011048227737158,0.000135200895012657,4.07665016278534e-05,0.000174864093949265,7.18122019155189e-05,8.92940666143437e-05,0.000145987091334577,0.000145371664609052,8.41157015254094e-05,7.47518993228843e-05,6.79789233166549e-05,0.000144617136619868,8.49102386361349e-05,5.3819779543166e-05,0.00101079533990522,0.000101570141795199,0.000114492070978253,0.000109796969254551,9.95866324739175e-05,7.41618175126853e-05,6.77550936868711e-05,7.0642328970265e-05,0.000695841516517952,0.000116569207519184,3.2791453486478e-05,0.00012799769787117,6.69688013444576e-05,0.000168775310977727,2.94666593599266e-05,9.69632365508738e-05,8.91590740701328e-05,0.000143905734688685,0.000221614758726973,0.000328705541305818,9.85982535225028e-05
"14",2.23143663580426e-05,5.66761600629685e-05,9.34530511219468e-05,3.12075619633455e-05,5.29455606063554e-05,2.56384975343267e-05,2.80769390139267e-05,7.85908465910117e-05,5.96493763747368e-05,2.56759308447712e-05,2.38097283520852e-05,3.08737021756508e-05,2.50131134080662e-05,5.3422583082643e-05,2.15524998641294e-05,4.11670719362997e-05,5.14980521002127e-05,2.64579516029177e-05,2.46888097445505e-05,2.78206516450046e-05,0.00012851503229559,2.77497535744956e-05,0.000117562554122169,2.79208303671336e-05,1.75533205435223e-05,2.9068618380294e-05,2.13842046516208e-05,0.995434983390903,2.31766702729261e-05,0.000234707769283213,1.87802081210218e-05,1.66923839913305e-05,8.17759518479823e-06,3.05147892323158e-05,4.21890116466881e-05,5.27708339541684e-05,4.69982479348163e-06,3.10909013302747e-05,8.28009487914418e-06,4.59758816765138e-05,6.42935188110054e-05,0.00246619254198374,0.000197858405117133,5.74017966372733e-05,9.1927613864066e-05
"15",5.80288249669674e-05,4.71154017893795e-05,2.34525614590718e-05,3.92292105078585e-05,6.34397459093723e-05,1.03447197237926e-05,3.71559830171887e-05,6.03620329400502e-05,5.27581349586635e-05,3.69386889074416e-05,6.23284075100465e-05,0.000251845503535026,7.08653226476942e-05,9.54251484245331e-05,1.45317319797602e-05,2.52391918270832e-05,2.88724594374368e-05,3.17201440987009e-05,9.87547642920666e-06,0.995237827246681,3.37456772521722e-05,4.10187537061621e-05,5.48644805668342e-06,0.000134976174934319,2.98829712917368e-05,9.89255725918359e-06,2.47940720034622e-05,6.36703666214068e-05,4.90820508972538e-05,0.00200870682936754,3.13840447182928e-05,6.21589276502754e-06,1.36103724613176e-05,6.77387729570072e-05,6.05356119032292e-05,3.93435032951447e-06,2.6664856290577e-05,4.17618805838357e-05,2.86053630859704e-05,5.31156787281017e-05,0.000140168272820727,5.28356755284945e-05,4.93424571019196e-05,7.63525694143186e-05,0.000689122363171542
"16",0.0243821327101862,0.0006450263086341,0.000552075619455403,0.000490946195564922,0.000812441068895365,0.000532748727749668,0.00203409542839949,0.00184722739338196,0.000769841764657642,0.00182857818930157,0.000699625314004001,9.06701870603649e-05,0.00518945391811937,0.000635231401963905,0.00138134449154412,0.00250393476065339,0.00188464407018286,0.0017953119050257,0.00416758860724931,0.00123189054202151,0.00246275684833711,0.00243938140407933,0.00270709434041587,0.00167799754438128,0.000301858092049556,0.00169709195668025,0.00036601225893068,0.00188496412674075,0.000252103196409736,0.00105771787912926,0.000762331820849107,0.000547655844318403,0.00155534615814291,0.00023629618852646,0.711092790476897,0.000319120922972729,0.00175135292720816,0.0234478677138269,0.00165658717229691,0.0194554851935604,0.0692551963033238,0.0227754188083496,0.045694925775495,0.0196107871348617,0.0135170513081667
"17",7.55836033513067e-06,3.50475218947071e-05,5.42661066479651e-05,0.00139261573054782,1.86140210630935e-05,3.46526361872532e-05,0.00110726224303296,3.86391217890226e-06,1.37562252915722e-05,8.6386954745734e-06,1.83710046199032e-05,6.71346129990106e-06,1.22282510328146e-05,1.82106741295199e-05,0.00181785759064151,6.7558242875318e-06,8.66772779399722e-05,8.64955237686897e-06,1.82907965643629e-05,7.7528310364943e-06,6.7371341197073e-06,3.26532364909173e-05,8.00234982130118e-06,1.9316794285289e-05,1.29573304279976e-05,2.92420552118397e-05,0.00122701386451788,1.38897429474521e-05,1.40474965899615e-05,7.58718136900462e-06,1.65185190654018e-05,0.993055297789918,2.30606327359476e-06,1.33874529507381e-05,1.31842627126422e-05,0.000114171891738806,2.02498432571335e-06,1.1453969570574e-05,4.07930976245344e-05,0.000523050811581287,2.52016731721144e-05,2.99521085671619e-05,4.67027696943908e-05,3.25583671929103e-05,2.41663362477896e-05
"18",6.78982803558805e-05,0.000133224471985489,1.81495635378516e-05,2.45836135682106e-05,5.11661939092372e-05,1.26578271046539e-05,3.25579233456369e-05,1.84919729755144e-05,4.42262310587126e-05,0.995385504011773,4.96875050028512e-05,9.73801356978294e-06,7.51292918530885e-06,0.00177502598793847,1.34921925562771e-05,2.17284585581312e-05,1.79723000847773e-05,2.68177628664388e-05,1.73078560815571e-05,2.89437618761322e-05,1.66351387115573e-05,0.000152439855683645,1.07202943713049e-05,9.66864680368474e-06,0.00029501381913871,1.45332190145573e-05,2.2991644523584e-05,2.86072277670045e-05,2.48591732960254e-05,3.25367892232935e-05,2.47685794568459e-05,5.02587306459802e-06,8.3310304218212e-05,2.97556866562099e-05,4.47903136988706e-05,2.11836449752286e-06,8.61374068611661e-06,0.00113474166533381,1.25452085722028e-05,4.2626123294405e-05,5.16130128182368e-05,3.68577065927181e-05,6.25201230190098e-05,4.6386213909218e-05,4.96344183145975e-05
"19",8.08191920552879e-06,3.44981574482806e-05,3.66051319874858e-05,3.69701773036256e-05,2.49231357051955e-05,2.13685897430197e-05,3.4910679268179e-05,4.90185462679233e-06,1.42653345849779e-05,1.15623361877373e-05,1.90317774939731e-05,4.7285711947264e-05,1.48828200887009e-05,1.88833566494975e-05,0.996795562689644,8.51041946562866e-06,8.44443919525475e-05,9.67775392213125e-06,1.85959012408603e-05,1.19556855965627e-05,7.45902732101777e-06,3.5571785595136e-05,9.06285448225364e-06,2.26573449407346e-05,1.56817062126378e-05,2.83967024566316e-05,3.4784190918323e-05,1.83236628665969e-05,1.74449438126954e-05,9.06325443354314e-06,2.03229904125776e-05,0.000297129315598049,3.23157622550394e-06,2.20395055969871e-05,1.87703668270065e-05,0.00126590924237652,1.69353990287386e-06,1.65157071437153e-05,4.62913030361983e-05,0.000667905472250944,3.59141704788464e-05,4.07511842727297e-05,4.30177281900329e-05,3.72622037554855e-05,2.78823968318571e-05
"20",1.38907916439415e-05,8.45012079162436e-05,0.000107148607268935,0.000126014171924229,4.47654534636922e-05,0.995270841401553,3.35200818353323e-05,1.46972765814961e-05,3.48800674925315e-05,2.09115597366632e-05,3.69414871733841e-05,2.53799066866759e-05,3.18749438680402e-05,6.00166604653023e-05,2.34897183106256e-05,1.82230210083753e-05,5.06753663441301e-05,1.7109131587954e-05,8.05528863203492e-05,1.98940982243357e-05,3.94263920545894e-05,6.58195207374181e-05,2.84070035774699e-05,5.62724126617435e-05,1.2587473100398e-05,0.000146852544026233,6.41476611351624e-05,2.91159356048185e-05,3.24248932681254e-05,1.09087399371533e-05,8.24544665319296e-05,5.97399774944804e-05,3.53343416061613e-05,3.0761025990436e-05,3.02661483860708e-05,0.000238259457130644,2.27662836936679e-05,4.00070095336848e-05,2.16350368606799e-05,4.46357048962593e-05,6.29980057279176e-05,9.41796317680114e-05,8.88581760044544e-05,0.00250194854593394,4.48657729332915e-05
"21",5.21139197992083e-05,5.66513426405467e-05,1.78281629701854e-05,2.72061042666398e-05,3.88028212830114e-05,1.93296361045879e-05,1.84935380104548e-05,1.23007615609119e-05,3.493076217911e-05,0.000120836283783146,3.3186385629825e-05,4.19834474981549e-06,4.8460937375694e-06,4.84731907251485e-05,1.71859435478855e-05,1.34583555219736e-05,1.44794899096402e-05,2.14612810684499e-05,1.35558546584768e-05,1.35720441489463e-05,1.12392629735377e-05,0.997007911858876,7.5912393233921e-06,5.34980520135067e-06,3.46049564349728e-05,2.07409134987432e-05,0.000251298906764618,1.70816175922508e-05,0.000329708857782245,4.47177738345769e-05,4.1646236988442e-05,4.5305275529465e-06,6.48765718093365e-05,1.3902539212204e-05,3.61299610008744e-05,1.38271463072501e-06,5.03422996063068e-06,0.00107556980790445,0.000168069828866231,8.58579633416625e-05,5.23381277219502e-05,2.50660719202448e-05,4.15507929960575e-05,3.57701593268536e-05,3.51189581905359e-05
"22",3.01917197199079e-06,3.05304718271103e-05,2.9655720863586e-05,9.42716503655851e-06,2.46751342408375e-05,1.03700566621753e-05,7.25053569392071e-06,1.93269856612592e-06,1.95159816683214e-05,6.17485867320855e-06,9.90194789936778e-06,0.997416704170543,1.42266243599651e-05,1.95270213505248e-05,1.73407347772024e-05,3.27545512087733e-06,1.96564958931814e-05,8.0455559569524e-06,1.10377710267194e-05,0.00072787688282369,8.50473174862706e-06,6.36080542851219e-06,1.09345013622752e-05,1.31969521553769e-05,4.98975696253798e-06,1.26141079620441e-05,5.78526451203719e-06,1.44013044795726e-05,1.13635133862459e-05,4.67872527293378e-06,7.09918668315012e-06,5.68560490848741e-06,1.3279010508973e-06,0.000749252922489616,3.12833684271432e-06,0.000627403369865256,3.00325938198681e-06,3.92040229186249e-06,2.54911063745142e-06,8.4571793123056e-06,1.88052916535983e-05,2.03097622564734e-05,1.76440699616698e-05,3.36119594714285e-05,1.48275249671033e-05
"23",3.71099064612433e-05,0.000118242286972829,5.8496428779453e-05,5.84074629253786e-05,0.000101969418715922,2.57191473046534e-05,5.63726997634249e-05,1.92435171181378e-05,0.997472178172789,5.70539289018165e-05,6.32969581281703e-05,4.19875005802435e-05,2.81147376255155e-05,0.000103029157289671,2.10098258496355e-05,3.13805046793152e-05,3.91860239414286e-05,7.90396489857042e-05,1.88660735560774e-05,6.19476014618581e-05,2.54268108648517e-05,8.18486376238141e-05,0.00038992622234033,1.80326507961122e-05,4.32012716378785e-05,2.75786578452167e-05,4.97012219784558e-05,6.30235286353914e-05,5.18433043931517e-05,5.38786092975508e-05,3.70633489249977e-05,1.33527822442244e-05,1.287500299384e-05,6.45783569969066e-05,2.24004979571074e-05,1.14509573271193e-05,8.63337402993639e-06,4.15610712911308e-05,1.66337639623073e-05,4.49361118259039e-05,5.97407832926874e-05,9.55069775697787e-05,0.000175961746776947,3.65547608731583e-05,6.16385466920312e-05
"24",3.24898274175374e-05,6.7775289340822e-05,6.57741789109368e-05,0.997889070579734,6.18807910083447e-05,8.00017556405345e-05,6.78532761369944e-05,1.09634573993621e-05,4.98361627384236e-05,2.76395553791021e-05,5.10027171702395e-05,1.63765100253137e-05,1.53085888047567e-05,6.30970361850891e-05,4.61155514722714e-05,2.38509745721427e-05,3.35937990563147e-05,3.52972334697242e-05,2.36784470591313e-05,3.72333003482852e-05,3.16335467064832e-05,6.55715932327907e-05,1.17799068159221e-05,2.55394824615856e-05,2.13280722106368e-05,5.78543275460509e-05,0.000109220665067156,3.47602061076668e-05,4.3240485659727e-05,2.95113976163211e-05,2.950187110622e-05,0.00032249685647361,1.08253677652708e-05,4.15856885884121e-05,1.54623363900042e-05,1.9737711817277e-05,2.30578658802003e-05,2.69056132815333e-05,2.61621229004961e-05,7.11373116704845e-05,4.27880143018427e-05,4.21312154474305e-05,5.90632430314322e-05,9.49194741501801e-05,4.49465919013294e-05
"25",1.62005086711138e-05,4.10358144193416e-05,4.73902400534881e-05,5.11241242705332e-05,2.80358477649466e-05,8.38771723236698e-05,2.29462750756328e-05,5.79351325163653e-06,2.29559574587187e-05,1.63903493825318e-05,1.84083977133179e-05,1.95880541180622e-05,0.000127645855004884,2.72272144882709e-05,1.98400952482164e-05,1.06364260376999e-05,3.32054477766429e-05,1.53614852115389e-05,2.86336240048653e-05,1.27495138995823e-05,1.02523616618591e-05,4.43588502587891e-05,1.58922635654596e-05,2.45281062709048e-05,1.00769440512762e-05,0.996521185032006,2.69272149848659e-05,2.03197673608873e-05,2.75179147898721e-05,1.13109876468075e-05,1.43229114174776e-05,2.67827962316939e-05,4.46800090305354e-06,2.57276838809748e-05,6.36135820293146e-05,0.000105638170134889,3.34924662902698e-06,2.8548842433133e-05,6.72921564904706e-06,3.84728239010981e-05,0.00208229673990811,5.99986572797089e-05,6.85476390380101e-05,6.62339046332134e-05,4.38544271599692e-05
"26",2.41440874946172e-05,3.42058590771094e-05,4.157777512408e-05,2.53905385197758e-05,4.03770668824094e-05,1.41175988012799e-05,7.6359706707838e-05,3.34785320705692e-05,3.16515176655977e-05,1.45578962776869e-05,1.65916010556979e-05,1.51840629517788e-05,6.41483772285441e-06,5.06543768345339e-05,7.97093877408643e-06,6.07181688742072e-05,3.03478986352177e-05,6.17949906067435e-05,1.1168086458872e-05,2.72586053440823e-05,0.996767794101006,2.03006304570326e-05,0.000101634488048625,1.11976111571005e-05,1.092370071668e-05,1.43632178675867e-05,1.0754306014108e-05,0.00011222895273703,1.29553731355277e-05,7.63285487983328e-06,1.2857323802798e-05,7.35531998109336e-06,6.04714413042516e-06,1.90629655661733e-05,3.18711769643693e-05,2.34731558007027e-05,5.97429558478512e-05,2.30965181024608e-05,2.25601343303438e-05,3.40143547546616e-05,3.35574762310896e-05,0.000841744915435491,0.00085496860325252,0.000300632108916383,3.5266464984587e-05
"27",0.000190325078153526,4.14558623828055e-05,2.88818574964315e-05,2.1530103311589e-05,3.94245163459581e-06,0.000133271202626222,5.04293520757553e-06,2.42111765619303e-06,3.3682063553047e-06,3.79848228272754e-06,4.30887400437234e-06,1.57124207029755e-05,2.20685232724483e-06,6.62838491857791e-05,2.3386296827749e-06,5.2635071542279e-07,4.35083400804267e-05,1.27689227375048e-05,0.000161948998394835,2.88344203839132e-05,0.00139514210486713,8.48958796872149e-06,2.19893233317832e-06,5.07903279089229e-06,5.45810754868125e-06,1.02895257429329e-05,1.95663497074082e-06,3.08955762441434e-06,2.64710095065574e-06,1.68846945230332e-07,0.000222979825991919,5.05274740141393e-06,7.25235624814855e-05,7.96464913045073e-06,6.06221248131587e-05,7.05711206522111e-05,0.336247609249356,2.26892108065654e-05,0.00113740011109871,4.01784506114129e-05,1.67473672540794e-05,4.51565358998775e-05,2.75413226825587e-05,0.659807165647026,8.8036877303383e-06
"28",0.322491776983968,6.11847138667503e-05,3.97878721044162e-05,1.44367797568741e-05,1.73996727284498e-05,1.0864091831812e-06,1.32969917839539e-05,1.18212601634169e-05,1.24910004876252e-05,1.87786401313038e-05,4.10472070539405e-05,1.61545035389361e-06,1.69646656436652e-06,1.71031390178025e-05,2.20407928895967e-06,5.35581733459741e-06,1.10782368911851e-05,0.00101266137263839,3.33383478535157e-06,2.28452246596196e-05,2.26820087307654e-05,2.54876603039196e-05,1.46717817083589e-06,4.00046435710109e-06,1.60986952305784e-05,2.87986195226094e-06,8.03093478517473e-06,7.64877570650118e-06,2.31658813123284e-05,1.16902887940384e-05,7.46396180644312e-06,1.14012012384871e-06,0.000126126902785715,2.22209545606277e-05,6.5729199160661e-05,2.53327187254403e-07,0.675379113574236,7.03595134668313e-05,3.53551243424892e-05,3.01538321395382e-05,3.05099672280343e-05,1.80043629159276e-05,4.17052916179677e-05,0.000216724747661532,3.09862186610925e-05
"29",2.36049214171196e-06,6.70991025851374e-05,0.0010856176968688,4.65571691783366e-05,2.0213091266934e-05,0.0011529091324271,2.80827054767947e-05,1.24060286119886e-05,2.10706300800982e-05,2.00326886601286e-06,1.13728826930795e-05,0.0010437300777367,0.000650924993963874,2.02932713101192e-05,0.000184575277254806,1.49357512025436e-05,0.000859868734807322,1.43678678113605e-05,0.000806191931318397,5.61193584608961e-06,6.34802039496376e-05,2.99773288514847e-06,0.00083118773856641,0.000873556147451799,1.83252126280072e-06,0.00107964217839531,1.41823388753372e-05,5.64306117522567e-05,3.0720258011245e-06,6.61936822614678e-07,1.65069067663715e-05,0.000962290334989701,2.65101122030649e-06,2.17470417326988e-05,3.9635559626367e-05,0.987023970874305,4.4860757961352e-06,5.78866695252352e-06,2.32171786992608e-06,5.23320989128753e-05,0.000119031496481841,0.000776763007017958,0.000364311313693521,0.00158989619008226,4.10322273435465e-05
"30",1.49324703558347e-05,6.64545445616088e-05,7.93723309458413e-05,2.06827370739344e-05,7.13063259291374e-05,3.38458215261827e-05,0.000153669390337033,3.28599087082744e-05,0.00228842709389666,2.18739165305207e-05,1.89404312499667e-05,3.25104475630314e-05,3.67902385058304e-05,4.90141688580695e-05,1.11476612693502e-05,0.00018818656464481,5.44635099445127e-05,0.000162325385880999,2.93984282250447e-05,9.90146400509439e-06,0.000118605405630707,2.47568639720732e-05,0.988505844542157,2.76422817480897e-05,9.93714488322094e-06,3.75412074213849e-05,1.74078849791576e-05,0.000131479771444383,1.22482081808402e-05,9.34074559983288e-06,1.11379078031307e-05,1.69587921880234e-05,4.76437335062083e-06,2.01302071728646e-05,6.60845604806615e-05,0.000152884634621534,1.78512108891843e-06,3.51359503611365e-05,2.99069933655959e-06,3.71113008788241e-05,7.86423482360075e-05,0.00150243619765459,0.00569894784448254,4.71945294585267e-05,5.28886368585649e-05
"31",1.97634927719018e-05,6.6878082156752e-05,2.63983984865961e-05,4.70941051215509e-05,8.05018968779179e-05,2.48318074377435e-05,4.85475243222624e-05,6.33804043730549e-06,6.44914246735188e-05,0.00029117477984996,4.24633081112884e-05,2.73422051629849e-05,1.0585575171601e-05,0.998169371308222,1.69973168319777e-05,2.18275240692842e-05,4.73921040946954e-05,4.77708607138788e-05,1.48211691953741e-05,6.63214274632786e-05,4.92686039991566e-05,5.48066292619354e-05,1.98410376039936e-05,1.66071284025305e-05,1.48509206392051e-05,2.25369989712417e-05,3.0297793503725e-05,4.37612003071401e-05,3.21508861193257e-05,2.75662918291644e-05,2.25652387274996e-05,1.18521641260169e-05,8.07452610516175e-06,3.85413011099514e-05,1.23642633085803e-05,1.23500046335597e-05,3.29083813137991e-05,4.9981703439075e-05,2.00207000928097e-05,3.36298877782952e-05,3.01574724216995e-05,4.13158733990612e-05,6.68603929406e-05,0.000131629688335429,3.51485604582789e-05
"32",6.00989854720917e-05,4.4826452233547e-05,0.00132480077105794,1.72553081462034e-05,2.57845249801327e-05,1.58773395087981e-05,1.7314168129085e-05,0.994579454362194,2.83445467355376e-05,2.13803231070594e-05,4.45117205986109e-05,5.94953956825411e-06,5.02315600566917e-05,1.47784270123176e-05,1.04110714249183e-05,1.19468000089251e-05,1.49593138824048e-05,1.16311464263798e-05,1.7038455807752e-05,5.4154734425011e-05,5.2819615274748e-05,2.37512898914705e-05,3.83829568501329e-05,0.000128920295850235,1.85573027595697e-05,1.18103997221879e-05,1.65490144505884e-05,0.000114276327285036,1.74103954062762e-05,7.03271040054568e-05,2.31186567077651e-05,8.01462504756003e-06,0.00161822931440255,2.16202733379304e-05,5.64200778197994e-05,1.26268450020732e-05,2.9869884500923e-06,6.87459774030779e-05,7.10753356614951e-06,3.1450171335757e-05,7.49110001272036e-05,0.000681810323161125,8.3175549902504e-05,5.23355765794668e-05,0.000393892834885895
"33",0.00123321618630728,0.00161102241861546,5.14115789658505e-05,1.85020716341866e-05,2.41467226199093e-05,3.42974601757741e-05,1.27074471066691e-05,0.00193407475421868,1.68526362258395e-05,0.0001313738428207,3.34139787560438e-05,4.43574437222074e-06,3.85047440021251e-06,3.07608821439134e-05,6.73010900340021e-06,6.84259983572027e-06,1.13531879150942e-05,1.4333500148449e-05,4.54181577002707e-05,1.75742680223927e-05,1.94370266570926e-05,0.00011730163332131,4.40688520199248e-06,9.48691412258187e-06,4.45423187263459e-05,9.2116573330043e-06,1.50018388940035e-05,1.11440195131836e-05,1.91691633245236e-05,1.25302767317439e-05,6.26377251690252e-05,3.625514895072e-06,0.991867520397043,1.70855535961081e-05,5.79591127559719e-05,3.73963115116919e-06,0.000193026893669678,0.000819678684885493,2.02318537651322e-05,3.10894064676953e-05,3.32365505996562e-05,5.44719779827205e-05,3.4478459567738e-05,0.00124138629962826,5.5282184009882e-05
"34",1.22607405469235e-05,2.74197222654848e-05,1.04338132597377e-05,1.31471079959463e-05,0.00127165385770452,9.14247484798752e-06,6.85780619663633e-05,3.23765594733317e-06,2.37271606769258e-05,1.31544456639009e-05,1.67395621865406e-05,4.01384969511709e-06,6.47399363783819e-06,1.80094628165387e-05,6.48657265742832e-06,0.994498076815182,9.51047923530495e-06,7.75812153088896e-05,7.59859942425436e-06,5.03306600872017e-06,3.83621667026016e-05,1.23572120126603e-05,0.000100207156157289,8.96786715246032e-06,7.55228089048808e-06,8.86712772580564e-06,7.90969986952416e-06,2.78582056259269e-05,6.75572709252247e-06,0.000160069084349443,7.32291212196977e-06,4.25543544917472e-06,2.08410918811871e-06,5.63071328127495e-06,2.59609991507904e-05,6.9906163641735e-06,1.00199348048475e-06,1.72066705676305e-05,1.94402599580637e-06,1.72163429981361e-05,2.69775937522831e-05,6.87410127348962e-05,0.00329197020602938,1.05813403965943e-05,3.09308438827518e-05
"35",2.94392990746685e-05,3.24541956876478e-05,6.0160534284296e-05,3.27859247190819e-05,3.26366527954686e-05,3.46880881779949e-05,1.97928054531048e-05,9.78862556276246e-05,1.9839416298042e-05,1.78936998916143e-05,0.00195973361918841,1.62803983266893e-05,0.00011036289575992,2.81970422980652e-05,2.0826486806944e-05,2.55173759613323e-05,4.4343176678328e-05,1.4047349843658e-05,2.07826466884402e-05,0.000127408929579234,9.37502947423352e-06,1.91206616932026e-05,1.3547935467788e-05,0.994915089193731,1.32621036147392e-05,2.66772693171478e-05,2.22942920864773e-05,3.27343479508797e-05,1.37200653852812e-05,0.000147607688684666,1.90647510010327e-05,2.36889813830346e-05,9.53542034864374e-06,1.88018494283991e-05,5.59625359752316e-05,7.6826219724591e-05,3.26733988966303e-06,2.7795471318002e-05,6.21496584032406e-06,4.29865571467247e-05,0.000103732675646709,9.29288257450091e-05,6.46625355073222e-05,4.68505390648152e-05,0.00144917595143415
"36",2.19398331041007e-05,3.03130818171319e-05,1.09965204694004e-05,1.89685744011527e-05,7.70411561270685e-05,4.37346789193122e-06,1.7489703785607e-05,4.41938610572969e-05,2.90675165750354e-05,2.78827086845222e-05,5.12833451162115e-05,2.04748767699973e-06,3.40477644935058e-05,2.48992100945733e-05,9.71574059132582e-06,0.0019873402489047,7.99581997247254e-06,1.54975133234248e-05,3.43669696299663e-06,0.000195024220657054,3.54029020024162e-06,5.08921945142113e-05,3.84058581235232e-06,7.72022176965013e-05,2.41739831647585e-05,5.75164589436603e-06,2.1827771571104e-05,0.00134405222557959,0.000155422609400343,0.994997912938931,1.27183623999212e-05,3.48175599710075e-06,6.2174350008581e-06,1.00547105993938e-05,2.47241852705827e-05,5.14234256331113e-07,4.86548502984832e-07,2.71989897136794e-05,3.93043182987038e-06,2.37766700616234e-05,5.86545090447115e-05,4.42032980171855e-05,6.35161015657625e-05,2.44432606669615e-06,0.000419907507202062
"37",3.66871687942291e-05,3.38395074704139e-05,2.39947086087316e-05,2.38925253375482e-05,4.31310562966937e-05,1.05149066718128e-05,2.22214140985881e-05,1.31121566554772e-05,2.52360402979672e-05,2.74427069228034e-05,0.998980753428609,7.99213430397294e-06,5.35428159753863e-06,3.04619701209344e-05,1.15830908595191e-05,1.60463692488949e-05,1.39221466270199e-05,2.01119335798018e-05,8.52583555648272e-06,1.93125424557131e-05,8.77602346896307e-06,3.43150452329441e-05,4.91107325171214e-06,0.000175712794261096,2.38491362655309e-05,8.55533080888534e-06,2.06366944165234e-05,1.43496428833283e-05,2.40437528993779e-05,2.78677875673271e-05,2.28749706352363e-05,6.64471554894502e-06,1.00057441567846e-05,2.67385157219259e-05,9.07445431558449e-06,3.35906145677023e-06,7.34775228421772e-06,2.03049051554751e-05,1.06961801246021e-05,2.22003652041529e-05,1.84327912701368e-05,1.82874272857832e-05,2.78268264395176e-05,1.80961787250753e-05,6.09569065063809e-05
"38",3.24455712679825e-05,8.98200558473717e-05,5.59348238681252e-05,4.84985704790216e-05,0.997920327076636,2.38895512078973e-05,4.18601104905632e-05,1.47603385143274e-05,6.79851636539392e-05,4.34949283790535e-05,6.91213767924983e-05,4.19488210382769e-05,1.60888365074315e-05,8.53311905127319e-05,2.56018377227389e-05,0.000343444681723769,2.92197798845109e-05,5.10977862547496e-05,1.83771834393735e-05,4.64747298764026e-05,2.41347538352431e-05,6.07426674527129e-05,2.10303402898194e-05,1.99036672933403e-05,3.3095572067173e-05,2.43617043497376e-05,3.94706949721946e-05,4.81869535544985e-05,3.52781157207001e-05,5.14254932583422e-05,3.36003063702901e-05,1.28288833433206e-05,1.26046834154862e-05,5.60230897216633e-05,1.70005083253801e-05,1.24440314519301e-05,7.63525503312058e-06,3.36847901096891e-05,1.48434247008693e-05,3.96430101965121e-05,4.40793952080941e-05,4.88051070624197e-05,0.000157373682531341,3.40348387214199e-05,5.20466169168456e-05
